Income;Outcome;Cash_flow_SOL
0;7000;-7000
5310.657152;4425.768929;2500
5310.657152;4425.768929;2500
5310.657152;4425.768929;2500
5310.657152;4425.768929;2500
5310.657152;4425.768929;2500
